Country,Year,Energy_consumption,Energy_production,GDP
World,2019,601.0404899538854,611.5089686476265,127690.247059
World,2019,163.97177585957522,171.84042432282158,127690.247059
World,2019,146.92339602648022,149.4015884572352,127690.247059
World,2019,196.07735760722844,192.13455811703943,127690.247059
World,2019,27.65989087153229,27.65989087153229,127690.247059
World,2019,67.75897673906928,70.472506878998,127690.247059
Afghanistan,2019,0.1227484213395125,0.0552103095276025,79.4546
Afghanistan,2019,0.0445639114546272,0.0423357159427172,79.4546
Afghanistan,2019,0.0050390735848853,0.0050390735848853,79.4546
Afghanistan,2019,0.0485501723,0.0,79.4546
Afghanistan,2019,,,79.4546
Afghanistan,2019,0.024595264,0.00783552,79.4546
Albania,2019,0.1107482409326914,0.0890822985734522,38.2684
Albania,2019,0.0024943557431554,8.89843001352307e-05,38.2684
Albania,2019,0.001473170649536,0.001483566006942,38.2684
Albania,2019,0.0524847363,0.041423178506375,38.2684
Albania,2019,,,38.2684
Albania,2019,0.05429597824,0.04608656976,38.2684
Algeria,2019,2.643502654452609,6.429790182459667,509.066
Algeria,2019,0.0004054356405179,0.0,509.066
Algeria,2019,1.760638243086,3.294896139756,509.066
Algeria,2019,0.8727348975,3.1274413947036668,509.066
Algeria,2019,,,509.066
Algeria,2019,0.0097240782260908,0.007452648,509.066
American Samoa,2019,0.0049115088958186,0.0,
American Samoa,2019,0.0,0.0,
American Samoa,2019,0.0,0.0,
American Samoa,2019,0.0049115088958186,0.0,
American Samoa,2019,,,
American Samoa,2019,0.0,0.0,
Angola,2019,0.372427780585,3.5102084014823185,193.826
Angola,2019,0.0,0.0,193.826
Angola,2019,0.031831056285,0.2502325812,193.826
Angola,2019,0.2582525323,3.1776316282823185,193.826
Angola,2019,,,193.826
Angola,2019,0.082344192,0.082344192,193.826
Antarctica,2019,0.0001865087,0.0,
Antarctica,2019,0.0,0.0,
Antarctica,2019,0.0,0.0,
Antarctica,2019,0.0001865087,0.0,
Antarctica,2019,,,
Antarctica,2019,0.0,0.0,
Antigua and Barbuda,2019,0.0104000061,0.00013356,2.12893
Antigua and Barbuda,2019,0.0,0.0,2.12893
Antigua and Barbuda,2019,0.0,0.0,2.12893
Antigua and Barbuda,2019,0.0102664461,0.0,2.12893
Antigua and Barbuda,2019,,,2.12893
Antigua and Barbuda,2019,0.00013356,0.00013356,2.12893
Argentina,2019,3.545507099370268,3.493367836166464,833.501
Argentina,2019,0.0219132972855529,0.0004927291902122,833.501
Argentina,2019,1.82587826894,1.67743431768,833.501
Argentina,2019,1.258250833,1.3040088457362515,833.501
Argentina,2019,0.092626995,0.092626995,833.501
Argentina,2019,0.346837705144715,0.41880494856,833.501
Armenia,2019,0.1568144122019559,0.04490399116,35.5628
Armenia,2019,0.0001122067239859,0.0,35.5628
Armenia,2019,0.09382289761797,0.0,35.5628
Armenia,2019,0.0212440127,0.0,35.5628
Armenia,2019,0.023790025,0.023790025,35.5628
Armenia,2019,0.01784527016,0.02111396616,35.5628
Aruba,2019,0.0185647648479999,0.001306323648,3.20784
Aruba,2019,0.0,0.0,3.20784
Aruba,2019,0.0,0.0,3.20784
Aruba,2019,0.0172584412,0.0,3.20784
Aruba,2019,,,3.20784
Aruba,2019,0.001306323648,0.001306323648,3.20784
Australia,2019,6.394487619108519,18.95493672083794,1226.586
Australia,2019,1.7104303437532538,12.165597637147725,1226.586
Australia,2019,1.827146280607688,5.436479890063668,1226.586
Australia,2019,2.40316023747922,0.8874504844265455,1226.586
Australia,2019,,,1226.586
Australia,2019,0.4537507572683577,0.4654087092,1226.586
Austria,2019,1.5220260353460784,0.5674874989252223,467.708
Austria,2019,0.0777984502725176,0.0,467.708
Austria,2019,0.3335180472943048,0.0334832918475318,467.708
Austria,2019,0.581996516223845,0.0275537370776904,467.708
Austria,2019,,,467.708
Austria,2019,0.5287130215554108,0.50645047,467.708
Azerbaijan,2019,0.6472366689189806,2.518580542592398,145.705
Azerbaijan,2019,0.0003161587797805,0.0,145.705
Azerbaijan,2019,0.4240116661392,0.8531902222062,145.705
Azerbaijan,2019,0.2106613996,1.6485230279861982,145.705
Azerbaijan,2019,,,145.705
Azerbaijan,2019,0.0122474444,0.0168672924,145.705
Bahrain,2019,0.8130655406214,1.1156651018182526,70.4457
Bahrain,2019,0.0,0.0,70.4457
Bahrain,2019,0.6748270940214,0.6755929140048,70.4457
Bahrain,2019,0.1374566246,0.4399898258134527,70.4457
Bahrain,2019,,,70.4457
Bahrain,2019,0.000781822,8.2362e-05,70.4457
Bangladesh,2019,1.616632735748046,1.1091070821938185,798.113
Bangladesh,2019,0.1710181881020599,0.0212954498970113,798.113
Bangladesh,2019,1.1517384510379862,1.0545334585379873,798.113
Bangladesh,2019,0.2600474638,0.0226033729508197,798.113
Bangladesh,2019,,,798.113
Bangladesh,2019,0.033828632808,0.010674800808,798.113
Barbados,2019,0.024030263052293,0.003049203384821,4.52673
Barbados,2019,0.0,0.0,4.52673
Barbados,2019,0.000774370852293,0.000551623467,4.52673
Barbados,2019,0.0228997321999999,0.002141419917821,4.52673
Barbados,2019,,,4.52673
Barbados,2019,0.00035616,0.00035616,4.52673
Belarus,2019,0.9691333127787114,0.0853915031692259,178.892
Belarus,2019,0.0146871998421921,0.0,178.892
Belarus,2019,0.6826078328559,0.0025251430131,178.892
Belarus,2019,0.2692263887,0.0730644740761259,178.892
Belarus,2019,,,178.892
Belarus,2019,0.0026118913806192,0.00980188608,178.892
Belgium,2019,2.6911279074035623,0.630353981382,557.634
Belgium,2019,0.101275434598762,0.0,557.634
Belgium,2019,0.6497186492198658,0.0,557.634
Belgium,2019,1.3274879383305,0.0,557.634
Belgium,2019,0.428890885382,0.428890885382,557.634
Belgium,2019,0.1837549998724344,0.201463096,557.634
Belize,2019,0.01231617632,0.00740675942,2.78824
Belize,2019,0.0,0.0,2.78824
Belize,2019,0.0,0.0,2.78824
Belize,2019,0.0076453814,0.0035548445,2.78824
Belize,2019,,,2.78824
Belize,2019,0.00467079492,0.00385191492,2.78824
Benin,2019,0.0999797714355355,7.265664e-05,38.0152
Benin,2019,0.0029386419262555,0.0,38.0152
Benin,2019,0.00070020696928,0.0,38.0152
Benin,2019,0.0925457739,0.0,38.0152
Benin,2019,,,38.0152
Benin,2019,0.00379514864,7.265664e-05,38.0152
Bermuda,2019,0.0110296034,0.0,6.64648
Bermuda,2019,0.0,0.0,6.64648
Bermuda,2019,0.0,0.0,6.64648
Bermuda,2019,0.0110296034,0.0,6.64648
Bermuda,2019,,,6.64648
Bermuda,2019,0.0,0.0,6.64648
Bhutan,2019,0.0763900400111322,0.0828051512796167,8.10603
Bhutan,2019,0.0033749299111322,0.0030965432796167,8.10603
Bhutan,2019,0.0,0.0,8.10603
Bhutan,2019,0.0089237379,0.0,8.10603
Bhutan,2019,,,8.10603
Bhutan,2019,0.0640913722,0.079708608,8.10603
Bolivia,2019,0.311932658697,0.6942792443655301,89.7455
Bolivia,2019,0.0,0.0,89.7455
Bolivia,2019,0.107716679917,0.565678338907,89.7455
Bolivia,2019,0.1710889139,0.0927883415785301,89.7455
Bolivia,2019,,,89.7455
Bolivia,2019,0.03312706488,0.03581256388,89.7455
Bosnia and Herzegovina,2019,0.2373040737305843,0.1530885662079321,47.1135
Bosnia and Herzegovina,2019,0.126301871770417,0.0968848264479321,47.1135
Bosnia and Herzegovina,2019,0.007830971472392,0.0,47.1135
Bosnia and Herzegovina,2019,0.0706637811,0.0,47.1135
Bosnia and Herzegovina,2019,,,47.1135
Bosnia and Herzegovina,2019,0.0325074493877753,0.05620373976,47.1135
Botswana,2019,0.0785452640971127,0.0472227233266152,36.97997
Botswana,2019,0.0313219523971127,0.0471782033266152,36.97997
Botswana,2019,0.0,0.0,36.97997
Botswana,2019,0.0434221797,0.0,36.97997
Botswana,2019,,,36.97997
Botswana,2019,0.003801132,4.452e-05,36.97997
Brazil,2019,12.557423835357312,12.713242877624022,3041.299
Brazil,2019,0.6307871600928613,0.0910827611054808,3041.299
Brazil,2019,1.2122095578907557,0.8482136250473269,3041.299
Brazil,2019,5.889385523507218,6.173854597991214,3041.299
Brazil,2019,0.15767519636,0.15767519636,3041.299
Brazil,2019,4.667366397506477,5.44241669712,3041.299
British Virgin Islands,2019,0.002406731032,1.3872432e-05,1.44981
British Virgin Islands,2019,0.0,0.0,1.44981
British Virgin Islands,2019,0.0,0.0,1.44981
British Virgin Islands,2019,0.0023928586,0.0,1.44981
British Virgin Islands,2019,,,1.44981
British Virgin Islands,2019,1.3872432e-05,1.3872432e-05,1.44981
Brunei,2019,0.1798366962608,0.7275022125763975,26.6516
Brunei,2019,0.0,0.0,26.6516
Brunei,2019,0.1426597114608,0.4734535002372,26.6516
Brunei,2019,0.0371591768,0.2540309043391975,26.6516
Brunei,2019,,,26.6516
Brunei,2019,1.7808e-05,1.7808e-05,26.6516
Bulgaria,2019,0.7332243199908047,0.4503569411701565,149.2549
Bulgaria,2019,0.2084718418999828,0.1954167058087338,149.2549
Bulgaria,2019,0.1063473695608,0.00138467988543,149.2549
Bulgaria,2019,0.1917931974,0.0021457877959926,149.2549
Bulgaria,2019,0.174654214,0.174654214,149.2549
Bulgaria,2019,0.0519576971300218,0.07675555368,149.2549
Burkina Faso,2019,0.0660440724,0.00191436,39.3968
Burkina Faso,2019,0.0,0.0,39.3968
Burkina Faso,2019,0.0,0.0,39.3968
Burkina Faso,2019,0.0620825124,0.0,39.3968
Burkina Faso,2019,,,39.3968
Burkina Faso,2019,0.00396156,0.00191436,39.3968
Burma,2019,0.5771641983724072,0.8169968267344525,275.791
Burma,2019,0.0406576410410298,0.0329247490708248,275.791
Burma,2019,0.1344608487912,0.6592311136884,275.791
Burma,2019,0.2983540289,0.0178959103752277,275.791
Burma,2019,,,275.791
Burma,2019,0.1036916796401773,0.1069450536,275.791
Burundi,2019,0.012540838052,0.002081648352,8.84175
Burundi,2019,0.0,0.0,8.84175
Burundi,2019,0.0,0.0,8.84175
Burundi,2019,0.0101179897,0.0,8.84175
Burundi,2019,,,8.84175
Burundi,2019,0.002422848352,0.002081648352,8.84175
Cabo Verde,2019,0.0145917944,0.000792456,3.77316
Cabo Verde,2019,0.0,0.0,3.77316
Cabo Verde,2019,0.0,0.0,3.77316
Cabo Verde,2019,0.0137993384,0.0,3.77316
Cabo Verde,2019,,,3.77316
Cabo Verde,2019,0.000792456,0.000792456,3.77316
Cambodia,2019,0.2246934864152958,0.0375241272,69.1922
Cambodia,2019,0.0497661984152958,0.0,69.1922
Cambodia,2019,0.0,0.0,69.1922
Cambodia,2019,0.1269522048,0.0,69.1922
Cambodia,2019,,,69.1922
Cambodia,2019,0.0479750832,0.0375241272,69.1922
Cameroon,2019,0.1605327413213399,0.2973821982338688,88.9149
Cameroon,2019,0.0,0.0,88.9149
Cameroon,2019,0.0364640294213399,0.0990354959222098,88.9149
Cameroon,2019,0.0759222839,0.1502651023116589,88.9149
Cameroon,2019,,,88.9149
Cameroon,2019,0.048146428,0.0480816,88.9149
Canada,2019,14.97790517950626,23.5186004308814,1737.87
Canada,2019,0.542489986368737,1.2059688551308847,1737.87
Canada,2019,4.611305027350553,6.646816079688351,1737.87
Canada,2019,5.084958301604275,10.744366071845963,1737.87
Canada,2019,1.0725113570962015,1.0725113570962015,1737.87
Canada,2019,3.666640507086493,3.84893806712,1737.87
Cayman Islands,2019,0.01139856546,0.00014393316,3.77842
Cayman Islands,2019,0.0,0.0,3.77842
Cayman Islands,2019,0.0,0.0,3.77842
Cayman Islands,2019,0.0112546323,0.0,3.77842
Cayman Islands,2019,,,3.77842
Cayman Islands,2019,0.00014393316,0.00014393316,3.77842
Central African Republic,2019,0.0053177662,0.0013356,4.13773
Central African Republic,2019,0.0,0.0,4.13773
Central African Republic,2019,0.0,0.0,4.13773
Central African Republic,2019,0.0039821662,0.0,4.13773
Central African Republic,2019,,,4.13773
Central African Republic,2019,0.0013356,0.0013356,4.13773
Chad,2019,0.0251233299,0.291612936,24.9406
Chad,2019,0.0,0.0,24.9406
Chad,2019,0.0,0.0,24.9406
Chad,2019,0.0250431939,0.2915328,24.9406
Chad,2019,,,24.9406
Chad,2019,8.0136e-05,8.0136e-05,24.9406
Chile,2019,1.560052674194422,0.4322306133785894,439.69
Chile,2019,0.2607553138546665,0.0262204113290431,439.69
Chile,2019,0.242901072976708,0.0539799019931528,439.69
Chile,2019,0.72569699697703,0.0199622090163934,439.69
Chile,2019,,,439.69
Chile,2019,0.3306992903860176,0.33206809104,439.69
China,2019,151.60888604436144,123.59135959298148,23128.34
China,2019,91.36482829823228,87.63471318335526,23128.34
China,2019,11.313870568,6.362312406014881,23128.34
China,2019,27.905785676,8.21524763305134,23128.34
China,2019,3.381769768,3.381769768,23128.34
China,2019,17.642631734129168,17.99731660256,23128.34
Colombia,2019,1.753107333274276,5.073328043963993,690.987
Colombia,2019,0.2463053481530604,2.214683289458737,690.987
Colombia,2019,0.3894370616064046,0.3764520569134949,690.987
Colombia,2019,0.71024926319,1.952187218871761,690.987
Colombia,2019,,,690.987
Colombia,2019,0.4071156603248108,0.53000547872,690.987
Comoros,2019,0.0045497505,3.5616e-06,2.384
Comoros,2019,0.0,0.0,2.384
Comoros,2019,0.0,0.0,2.384
Comoros,2019,0.0045461889,0.0,2.384
Comoros,2019,,,2.384
Comoros,2019,3.5616e-06,3.5616e-06,2.384
Congo-Brazzaville,2019,0.08692788392484,0.7664154790154,17.937
Congo-Brazzaville,2019,0.0,0.0,17.937
Congo-Brazzaville,2019,0.05177194472484,0.05177194472484,17.937
Congo-Brazzaville,2019,0.0256914072,0.70510735029056,17.937
Congo-Brazzaville,2019,,,17.937
Congo-Brazzaville,2019,0.009464532,0.009536184,17.937
Congo-Kinshasa,2019,0.1192810322457968,0.1334830943039847,80.9978
Congo-Kinshasa,2019,0.0004696317456368,0.0,80.9978
Congo-Kinshasa,2019,1.396320016e-05,1.396320016e-05,80.9978
Congo-Kinshasa,2019,0.0363597693,0.0514989071038247,80.9978
Congo-Kinshasa,2019,,,80.9978
Congo-Kinshasa,2019,0.082437668,0.081970224,80.9978
Cook Islands,2019,0.001671732316,9.5531016e-05,
Cook Islands,2019,0.0,0.0,
Cook Islands,2019,0.0,0.0,
Cook Islands,2019,0.0015762013,0.0,
Cook Islands,2019,,,
Cook Islands,2019,9.5531016e-05,9.5531016e-05,
Costa Rica,2019,0.2266302812446386,0.10046142792,94.3605
Costa Rica,2019,3.6570076589851738e-06,0.0,94.3605
Costa Rica,2019,0.0,0.0,94.3605
Costa Rica,2019,0.1260863266036,0.0,94.3605
Costa Rica,2019,,,94.3605
Costa Rica,2019,0.1005402976333796,0.10046142792,94.3605
Croatia,2019,0.3647591268908423,0.1418054416482949,110.2903
Croatia,2019,0.0168875684196574,0.0,110.2903
Croatia,2019,0.107011227372,0.036886003266,110.2903
Croatia,2019,0.1443892192,0.0301820156622949,110.2903
Croatia,2019,,,110.2903
Croatia,2019,0.0964711118991848,0.07473742272,110.2903
Cuba,2019,0.3715685526254388,0.1451236392566554,152.228
Cuba,2019,7.613006386378479e-05,0.0,152.228
Cuba,2019,0.034192516896,0.034192516896,152.228
Cuba,2019,0.3290608667,0.1028640983606554,152.228
Cuba,2019,,,152.228
Cuba,2019,0.0082390389655749,0.008067024,152.228
Cyprus,2019,0.1189219071326897,0.00458556,33.8259
Cyprus,2019,3.274332689752538e-06,0.0,33.8259
Cyprus,2019,0.0,0.0,33.8259
Cyprus,2019,0.1143330728,0.0,33.8259
Cyprus,2019,,,33.8259
Cyprus,2019,0.00458556,0.00458556,33.8259
Czech Republic,2019,1.730213284965265,0.9978992060582436,410.036
Czech Republic,2019,0.6072717721017581,0.5618048530982979,410.036
Czech Republic,2019,0.3155000358930017,0.0076450606515303,410.036
Czech Republic,2019,0.44885215071751,0.0036849056284153,410.036
Czech Republic,2019,0.323279691,0.323279691,410.036
Czech Republic,2019,0.0353096352529951,0.10148469568,410.036
Côte d’Ivoire,2019,0.212106033525,0.1916768186549739,141.232
Côte d’Ivoire,2019,0.0,0.0,141.232
Côte d’Ivoire,2019,0.085715655025,0.08571537356382,141.232
Côte d’Ivoire,2019,0.1085155785,0.0846541730911539,141.232
Côte d’Ivoire,2019,,,141.232
Côte d’Ivoire,2019,0.0178748,0.021307272,141.232
Denmark,2019,0.7221965500121932,0.5454939169824893,308.2223
Denmark,2019,0.0367333133531346,0.0,308.2223
Denmark,2019,0.1088424205177741,0.1212052514040969,308.2223
Denmark,2019,0.344006632410015,0.2114967062183923,308.2223
Denmark,2019,,,308.2223
Denmark,2019,0.2326141837312694,0.21279195936,308.2223
Djibouti,2019,0.0086314065,8.904e-06,5.84841
Djibouti,2019,0.0,0.0,5.84841
Djibouti,2019,0.0,0.0,5.84841
Djibouti,2019,0.0086225025,0.0,5.84841
Djibouti,2019,,,5.84841
Djibouti,2019,8.904e-06,8.904e-06,5.84841
Dominica,2019,0.002693758912,0.000188568912,0.802973
Dominica,2019,0.0,0.0,0.802973
Dominica,2019,0.0,0.0,0.802973
Dominica,2019,0.00250519,0.0,0.802973
Dominica,2019,,,0.802973
Dominica,2019,0.000188568912,0.000188568912,0.802973
Dominican Republic,2019,0.418997508110365,0.01838676,190.149
Dominican Republic,2019,0.0504556127151282,0.0,190.149
Dominican Republic,2019,0.05926144501911,0.0,190.149
Dominican Republic,2019,0.2908498924,0.0,190.149
Dominican Republic,2019,,,190.149
Dominican Republic,2019,0.0184305579761267,0.01838676,190.149
Ecuador,2019,0.7387865722001973,1.4069200819758962,183.665
Ecuador,2019,0.0004324063349173,0.0,183.665
Ecuador,2019,0.01276899426528,0.0127689942652798,183.665
Ecuador,2019,0.5092186072,1.1694646833106164,183.665
Ecuador,2019,,,183.665
Ecuador,2019,0.2163665644,0.2246864044,183.665
Egypt,2019,4.0218166746292425,4.050868391182273,1291.81
Egypt,2019,0.0937449403221355,0.0,1291.81
Egypt,2019,2.151058546413,2.377200648075,1291.81
Egypt,2019,1.6220542845,1.5174025431072724,1291.81
Egypt,2019,,,1291.81
Egypt,2019,0.1549589033941068,0.1562652,1291.81
El Salvador,2019,0.1556836535489799,0.03770844,52.962
El Salvador,2019,0.0,0.0,52.962
El Salvador,2019,0.0,0.0,52.962
El Salvador,2019,0.113549062,0.0,52.962
El Salvador,2019,,,52.962
El Salvador,2019,0.0421345915489799,0.03770844,52.962
Equatorial Guinea,2019,0.0780999513510002,0.4969356172868009,21.3042
Equatorial Guinea,2019,0.0,0.0,21.3042
Equatorial Guinea,2019,0.0399328239510002,0.1689506672868009,21.3042
Equatorial Guinea,2019,0.0370986474,0.32691647,21.3042
Equatorial Guinea,2019,,,21.3042
Equatorial Guinea,2019,0.00106848,0.00106848,21.3042
Eritrea,2019,0.0112780475,0.000213696,6.02485
Eritrea,2019,0.0,0.0,6.02485
Eritrea,2019,0.0,0.0,6.02485
Eritrea,2019,0.0110643515,0.0,6.02485
Eritrea,2019,,,6.02485
Eritrea,2019,0.000213696,0.000213696,6.02485
Estonia,2019,0.1014394856280414,0.01964943624,45.198
Estonia,2019,0.000464025604592,0.0,45.198
Estonia,2019,0.0169757967197737,0.0,45.198
Estonia,2019,0.05698985950589,0.0,45.198
Estonia,2019,,,45.198
Estonia,2019,0.0270098037977856,0.01964943624,45.198
Eswatini,2019,0.0222456425575823,0.005801763632622,10.5029
Eswatini,2019,0.0036448860255823,0.002587348400622,10.5029
Eswatini,2019,0.0,0.0,10.5029
Eswatini,2019,0.0121722373,0.0,10.5029
Eswatini,2019,,,10.5029
Eswatini,2019,0.006428519232,0.003214415232,10.5029
Ethiopia,2019,0.3608705784410121,0.1259657784,231.935
Ethiopia,2019,0.0151604664410121,0.0,231.935
Ethiopia,2019,0.0,0.0,231.935
Ethiopia,2019,0.2231563336,0.0,231.935
Ethiopia,2019,,,231.935
Ethiopia,2019,0.1225537784,0.1259657784,231.935
Falkland Islands,2019,0.00070601,5.96568e-05,
Falkland Islands,2019,0.0,0.0,
Falkland Islands,2019,0.0,0.0,
Falkland Islands,2019,0.0006463532,0.0,
Falkland Islands,2019,,,
Falkland Islands,2019,5.96568e-05,5.96568e-05,
Faroe Islands,2019,0.013316805,0.0014762832,
Faroe Islands,2019,0.0,0.0,
Faroe Islands,2019,0.0,0.0,
Faroe Islands,2019,0.0118405218,0.0,
Faroe Islands,2019,,,
Faroe Islands,2019,0.0014762832,0.0014762832,
Fiji,2019,0.0292806949751818,0.005737942392,12.1234
Fiji,2019,1.9983181813740386e-08,0.0,12.1234
Fiji,2019,0.0,0.0,12.1234
Fiji,2019,0.0235427326,0.0,12.1234
Fiji,2019,,,12.1234
Fiji,2019,0.005737942392,0.005737942392,12.1234
Finland,2019,1.1961191624818506,0.537721549745,252.9957
Finland,2019,0.0948606229130194,0.0,252.9957
Finland,2019,0.0920086689198829,0.0,252.9957
Finland,2019,0.414776806577465,0.0,252.9957
Finland,2019,0.233922438305,0.233922438305,252.9957
Finland,2019,0.3605506257664832,0.30379911144,252.9957
Former Czechoslovakia,2019,,,
Former Czechoslovakia,2019,,,
Former Czechoslovakia,2019,,,
Former Czechoslovakia,2019,,,
Former Czechoslovakia,2019,,,
Former Czechoslovakia,2019,,,
Former Serbia and Montenegro,2019,,,
Former Serbia and Montenegro,2019,,,
Former Serbia and Montenegro,2019,,,
Former Serbia and Montenegro,2019,,,
Former Serbia and Montenegro,2019,,,
Former Serbia and Montenegro,2019,,,
Former U.S.S.R.,2019,,,
Former U.S.S.R.,2019,,,
Former U.S.S.R.,2019,,,
Former U.S.S.R.,2019,,,
Former U.S.S.R.,2019,,,
Former U.S.S.R.,2019,,,
Former Yugoslavia,2019,,,
Former Yugoslavia,2019,,,
Former Yugoslavia,2019,,,
Former Yugoslavia,2019,,,
Former Yugoslavia,2019,,,
Former Yugoslavia,2019,,,
France,2019,10.160861615462064,5.139980785934488,2918.618
France,2019,0.2641352692921215,0.0,2918.618
France,2019,1.613163244383526,0.0006520267017043,2918.618
France,2019,3.458438815452075,0.0311857244237829,2918.618
France,2019,3.970353831129,3.970353831129,2918.618
France,2019,0.854770455205341,1.13778920368,2918.618
French Guiana,2019,0.016399173608,0.004456024608,
French Guiana,2019,0.0,0.0,
French Guiana,2019,0.0,0.0,
French Guiana,2019,0.011943149,0.0,
French Guiana,2019,,,
French Guiana,2019,0.004456024608,0.004456024608,
French Polynesia,2019,0.0160996454,0.0019597704,
French Polynesia,2019,0.0,0.0,
French Polynesia,2019,0.0,0.0,
French Polynesia,2019,0.014139875,0.0,
French Polynesia,2019,,,
French Polynesia,2019,0.0019597704,0.0019597704,
Gabon,2019,0.05819153204367,0.4610627109221248,30.7828
Gabon,2019,0.0,0.0,30.7828
Gabon,2019,0.01179865934367,0.01179865934367,30.7828
Gabon,2019,0.0290406287,0.4336553395784548,30.7828
Gabon,2019,,,30.7828
Gabon,2019,0.017352244,0.015608712,30.7828
"Gambia, The",2019,0.0083266765,2.76024e-05,5.2609
"Gambia, The",2019,0.0,0.0,5.2609
"Gambia, The",2019,0.0,0.0,5.2609
"Gambia, The",2019,0.0082990741,0.0,5.2609
"Gambia, The",2019,,,5.2609
"Gambia, The",2019,2.76024e-05,2.76024e-05,5.2609
Georgia,2019,0.2529390632559227,0.0807856031148328,53.4418
Georgia,2019,0.0061971222745303,0.0002595020412955,53.4418
Georgia,2019,0.09407919079376,0.0002996505256999,53.4418
Georgia,2019,0.0642258127,0.0007343878278372,53.4418
Georgia,2019,,,53.4418
Georgia,2019,0.0884369374876323,0.07949206272,53.4418
Germany,2019,13.533301071094243,4.528923405084679,4182.05
Germany,2019,2.243220115248397,1.1795020713601667,4182.05
Germany,2019,3.6221905902728895,0.1898704578181468,4182.05
Germany,2019,4.80431109560483,0.0815682763463654,4182.05
Germany,2019,0.709333119,0.709333119,4182.05
Germany,2019,2.1542461509681257,2.36864948056,4182.05
"Germany, East",2019,,,
"Germany, East",2019,,,
"Germany, East",2019,,,
"Germany, East",2019,,,
"Germany, East",2019,,,
"Germany, East",2019,,,
"Germany, West",2019,,,
"Germany, West",2019,,,
"Germany, West",2019,,,
"Germany, West",2019,,,
"Germany, West",2019,,,
"Germany, West",2019,,,
Ghana,2019,0.3419199201387959,0.5592951214360795,183.3466
Ghana,2019,0.0016689986780251,0.0,183.3466
Ghana,2019,0.0822523628327708,0.0591094933960795,183.3466
Ghana,2019,0.1955908743,0.433332107712,183.3466
Ghana,2019,,,183.3466
Ghana,2019,0.062407684328,0.066853520328,183.3466
Gibraltar,2019,0.19150255921288,0.0,
Gibraltar,2019,0.0,0.0,
Gibraltar,2019,0.00208309701288,0.0,
Gibraltar,2019,0.1894194622,0.0,
Gibraltar,2019,,,
Gibraltar,2019,0.0,0.0,
Greece,2019,1.1580923347440768,0.2946145901036986,300.5935
Greece,2019,0.13819830962964,0.1339678866188886,300.5935
Greece,2019,0.1952219538065067,0.000584568603737,300.5935
Greece,2019,0.644989610721675,0.007245243681073,300.5935
Greece,2019,,,300.5935
Greece,2019,0.1796824605862549,0.1528168912,300.5935
Greenland,2019,0.0120167632,0.0035616,5.17249
Greenland,2019,0.0,0.0,5.17249
Greenland,2019,0.0,0.0,5.17249
Greenland,2019,0.0084551632,0.0,5.17249
Greenland,2019,,,5.17249
Greenland,2019,0.0035616,0.0035616,5.17249
Grenada,2019,0.00445630588,3.111948e-05,1.78501
Grenada,2019,0.0,0.0,1.78501
Grenada,2019,0.0,0.0,1.78501
Grenada,2019,0.0044251864,0.0,1.78501
Grenada,2019,,,1.78501
Grenada,2019,3.111948e-05,3.111948e-05,1.78501
Guadeloupe,2019,0.0293243893,0.0019802496,10.8742
Guadeloupe,2019,0.0,0.0,10.8742
Guadeloupe,2019,0.0,0.0,10.8742
Guadeloupe,2019,0.0273441397,0.0,10.8742
Guadeloupe,2019,,,10.8742
Guadeloupe,2019,0.0019802496,0.0019802496,10.8742
Guam,2019,0.0255569869999322,0.000605472,
Guam,2019,0.0,0.0,
Guam,2019,0.0,0.0,
Guam,2019,0.0249515149999322,0.0,
Guam,2019,,,
Guam,2019,0.000605472,0.000605472,
Guatemala,2019,0.3412724931870051,0.0923648966137446,144.896
Guatemala,2019,0.0539835110070051,0.0,144.896
Guatemala,2019,0.0,0.0,144.896
Guatemala,2019,0.2189312405,0.0191525199997446,144.896
Guatemala,2019,,,144.896
Guatemala,2019,0.06835774168,0.073212376614,144.896
Guinea,2019,0.0528053037,0.011673144,28.567
Guinea,2019,0.0,0.0,28.567
Guinea,2019,0.0,0.0,28.567
Guinea,2019,0.0411321597,0.0,28.567
Guinea,2019,,,28.567
Guinea,2019,0.011673144,0.011673144,28.567
Guinea-Bissau,2019,0.0047274664,1.7808e-05,3.63339
Guinea-Bissau,2019,0.0,0.0,3.63339
Guinea-Bissau,2019,0.0,0.0,3.63339
Guinea-Bissau,2019,0.0047096584,0.0,3.63339
Guinea-Bissau,2019,,,3.63339
Guinea-Bissau,2019,1.7808e-05,1.7808e-05,3.63339
Guyana,2019,0.0380496592,0.0002439696,10.1827
Guyana,2019,0.0,0.0,10.1827
Guyana,2019,0.0,0.0,10.1827
Guyana,2019,0.0378056896,0.0,10.1827
Guyana,2019,,,10.1827
Guyana,2019,0.0002439696,0.0002439696,10.1827
Haiti,2019,0.044718044,0.001193136,31.908
Haiti,2019,0.0,0.0,31.908
Haiti,2019,4.368e-05,0.0,31.908
Haiti,2019,0.043481228,0.0,31.908
Haiti,2019,,,31.908
Haiti,2019,0.001193136,0.001193136,31.908
Hawaiian Trade Zone,2019,,,
Hawaiian Trade Zone,2019,,,
Hawaiian Trade Zone,2019,,,
Hawaiian Trade Zone,2019,,,
Hawaiian Trade Zone,2019,,,
Hawaiian Trade Zone,2019,,,
Honduras,2019,0.192975672908343,0.056638344,51.0377
Honduras,2019,0.0006561404062775,0.0,51.0377
Honduras,2019,0.0,0.0,51.0377
Honduras,2019,0.1348375232,0.0,51.0377
Honduras,2019,,,51.0377
Honduras,2019,0.0574820093020654,0.056638344,51.0377
Hong Kong,2019,1.2804856786532357,0.001301616,441.164
Hong Kong,2019,0.2524914066330355,0.0,441.164
Hong Kong,2019,0.1222183376202,0.0,441.164
Hong Kong,2019,0.8624155504,0.0,441.164
Hong Kong,2019,,,441.164
Hong Kong,2019,0.043360384,0.001301616,441.164
Hungary,2019,1.057309327657573,0.3706087276472865,309.9521
Hungary,2019,0.0870170317336409,0.0453868851116486,309.9521
Hungary,2019,0.3679115879105127,0.0580792583227144,309.9521
Hungary,2019,0.366581589928215,0.0482932360229234,309.9521
Hungary,2019,0.15515026395,0.15515026395,309.9521
Hungary,2019,0.0806488541352041,0.06369908424,309.9521
Iceland,2019,0.2176014661341176,0.17228714664,19.3761
Iceland,2019,0.003984045805987,0.0,19.3761
Iceland,2019,0.0,0.0,19.3761
Iceland,2019,0.04093214121068,0.0,19.3761
Iceland,2019,,,19.3761
Iceland,2019,0.1726852791174505,0.17228714664,19.3761
India,2019,31.782739499292763,17.785372015287077,9310.29
India,2019,16.265289336918254,11.666315540161754,9310.29
India,2019,2.346637483943972,1.15808206179,9310.29
India,2019,9.8127364638,1.6187339493353223,9310.29
India,2019,0.4921392,0.4921392,9310.29
India,2019,2.8659370146305374,2.850101264,9310.29
Indonesia,2019,8.042739296391945,17.05915167742517,3227.667
Indonesia,2019,2.7727212296875807,12.17761270925171,3227.667
Indonesia,2019,1.6385802499699549,2.58062041485,3227.667
Indonesia,2019,3.1774675436,1.5943754167634594,3227.667
Indonesia,2019,,,3227.667
Indonesia,2019,0.4539702731344089,0.70654313656,3227.667
Iran,2019,12.063298399615196,16.054438293434764,1099.27
Iran,2019,0.0482429921659834,0.042293513448585,1099.27
Iran,2019,8.230581103008,8.859222844032,1099.27
Iran,2019,3.4538222319,6.81550810395418,1099.27
Iran,2019,0.060648574,0.060648574,1099.27
Iran,2019,0.2700034985412134,0.276765258,1099.27
Iraq,2019,2.483367381359099,10.604831951884652,426.217
Iraq,2019,0.0,0.0,426.217
Iraq,2019,0.6660641637590988,0.3960261009749986,426.217
Iraq,2019,1.7465720176,10.186456810909654,426.217
Iraq,2019,,,426.217
Iraq,2019,0.0707312,0.02234904,426.217
Ireland,2019,0.6605973345313404,0.2035954748406646,416.234
Ireland,2019,0.0145939556360933,0.0,416.234
Ireland,2019,0.2066694728151585,0.0950034613206646,416.234
Ireland,2019,0.32921983821604,0.0,416.234
Ireland,2019,,,416.234
Ireland,2019,0.1101140678640484,0.10859201352,416.234
Israel,2019,0.9650156144360088,0.4118378989254027,349.752
Israel,2019,0.146335553307024,0.0,349.752
Israel,2019,0.3396959658073247,0.3808680061254027,349.752
Israel,2019,0.46954733452166,0.0,349.752
Israel,2019,,,349.752
Israel,2019,0.0094367608,0.0309698928,349.752
Italy,2019,6.7233638597735474,1.4434116058284985,2340.371
Italy,2019,0.2809047631367855,0.0,2340.371
Italy,2019,2.6834494328733443,0.1734409915689916,2340.371
Italy,2019,2.571070996222505,0.1745452932995068,2340.371
Italy,2019,,,2340.371
Italy,2019,1.1879386675409132,1.09542532096,2340.371
Jamaica,2019,0.1465005110892816,0.004443096,26.7529
Jamaica,2019,0.0018979498481666,0.0,26.7529
Jamaica,2019,0.0103393529411149,0.0,26.7529
Jamaica,2019,0.1298201123,0.0,26.7529
Jamaica,2019,,,26.7529
Jamaica,2019,0.004443096,0.004443096,26.7529
Japan,2019,18.98367230131041,2.77044094852106,5359.05
Japan,2019,4.713906720824356,0.0196156180133551,5359.05
Japan,2019,4.141240819922751,0.0852753175210147,5359.05
Japan,2019,7.509242837294065,0.0191113900266903,5359.05
Japan,2019,0.660826602,0.660826602,5359.05
Japan,2019,1.9584553212692408,1.98561202096,5359.05
Jordan,2019,0.3958256401202212,0.0303221571545846,94.7813
Jordan,2019,0.00214029297754,0.0,94.7813
Jordan,2019,0.1376401668258,0.003428768192836,94.7813
Jordan,2019,0.2272075742,4.7828961748634165e-05,94.7813
Jordan,2019,,,94.7813
Jordan,2019,0.0288376061168811,0.02684556,94.7813
Kazakhstan,2019,3.352725527721704,8.140283907626134,464.79
Kazakhstan,2019,2.0630937222964345,2.848568480315047,464.79
Kazakhstan,2019,0.5382413867444981,1.0399146841957978,464.79
Kazakhstan,2019,0.6263330321,4.150441346795289,464.79
Kazakhstan,2019,,,464.79
Kazakhstan,2019,0.1250573865807712,0.10135939632,464.79
Kenya,2019,0.331722240182063,0.084338688,211.4738
Kenya,2019,0.012858561876886,0.0,211.4738
Kenya,2019,0.0,0.0,211.4738
Kenya,2019,0.2336319886,0.0,211.4738
Kenya,2019,,,211.4738
Kenya,2019,0.0852316897051769,0.084338688,211.4738
Kiribati,2019,0.001099096948,4.3068648e-05,0.234263
Kiribati,2019,0.0,0.0,0.234263
Kiribati,2019,0.0,0.0,0.234263
Kiribati,2019,0.0010560283,0.0,0.234263
Kiribati,2019,,,0.234263
Kiribati,2019,4.3068648e-05,4.3068648e-05,0.234263
Kosovo,2019,0.092059483251401,0.0655133502140369,20.2266
Kosovo,2019,0.0627557667514011,0.0627629046140369,20.2266
Kosovo,2019,0.0,0.0,20.2266
Kosovo,2019,0.0264747949,0.0,20.2266
Kosovo,2019,,,20.2266
Kosovo,2019,0.0028289216,0.0027504456,20.2266
Kuwait,2019,1.6070404956704598,7.123551451550373,180.991
Kuwait,2019,0.0060246337707038,0.0,180.991
Kuwait,2019,0.8993299471506,0.7213696614294,180.991
Kuwait,2019,0.7010607131,6.401683166120973,180.991
Kuwait,2019,,,180.991
Kuwait,2019,0.000625201649156,0.000498624,180.991
Kyrgyzstan,2019,0.2249357187795634,0.1648401510169143,29.7684
Kyrgyzstan,2019,0.0307882281875875,0.0401093965484739,29.7684
Kyrgyzstan,2019,0.007684711805715,0.000944791903974,29.7684
Kyrgyzstan,2019,0.0644343954,0.0017516563244663,29.7684
Kyrgyzstan,2019,,,29.7684
Kyrgyzstan,2019,0.1220283833862608,0.12203430624,29.7684
Laos,2019,0.5247100624195927,0.4950702490739813,53.3016
Laos,2019,0.3897723186195927,0.3221723770739813,53.3016
Laos,2019,0.0,0.0,53.3016
Laos,2019,0.0397276998,0.0,53.3016
Laos,2019,,,53.3016
Laos,2019,0.095210044,0.172897872,53.3016
Latvia,2019,0.1651698668090886,0.03134387168,55.5939
Latvia,2019,0.0015977521408971,0.0,55.5939
Latvia,2019,0.0491513575273718,0.0,55.5939
Latvia,2019,0.08237148784267,0.0,55.5939
Latvia,2019,,,55.5939
Latvia,2019,0.0320492692981495,0.03134387168,55.5939
Lebanon,2019,0.3652469873293487,0.00703416,92.4576
Lebanon,2019,0.0059858267293487,0.0,92.4576
Lebanon,2019,0.0,0.0,92.4576
Lebanon,2019,0.3491562006,0.0,92.4576
Lebanon,2019,,,92.4576
Lebanon,2019,0.01010496,0.00703416,92.4576
Lesotho,2019,0.0166258239,0.004460904,6.32009
Lesotho,2019,0.0,0.0,6.32009
Lesotho,2019,0.0,0.0,6.32009
Lesotho,2019,0.0103166395,0.0,6.32009
Lesotho,2019,,,6.32009
Lesotho,2019,0.0063091844,0.004460904,6.32009
Liberia,2019,0.0187257017,3.5616e-05,5.60223
Liberia,2019,0.0,0.0,5.60223
Liberia,2019,0.0,0.0,5.60223
Liberia,2019,0.0186900857,0.0,5.60223
Liberia,2019,,,5.60223
Liberia,2019,3.5616e-05,3.5616e-05,5.60223
Libya,2019,0.598120047960299,2.8935859312996457,84.2519
Libya,2019,0.0,0.0,84.2519
Libya,2019,0.156039430260299,0.3904089028386,84.2519
Libya,2019,0.4404228057,2.5031057964610457,84.2519
Libya,2019,,,84.2519
Libya,2019,0.001657812,7.1232e-05,84.2519
Lithuania,2019,0.2840207235486974,0.0305142508258693,97.4069
Lithuania,2019,0.006821835023965,0.0,97.4069
Lithuania,2019,0.0814606548998,0.0,97.4069
Lithuania,2019,0.14064301374545,0.0015023386658693,97.4069
Lithuania,2019,,,97.4069
Lithuania,2019,0.0550952198794823,0.02901191216,97.4069
Luxembourg,2019,0.1927158182091677,0.00776366472,66.2214
Luxembourg,2019,0.0015715468587426,0.0,66.2214
Luxembourg,2019,0.0300486325440281,0.0,66.2214
Luxembourg,2019,0.133260941821925,0.0,66.2214
Luxembourg,2019,,,66.2214
Luxembourg,2019,0.0278346969844719,0.00776366472,66.2214
Macau,2019,0.05213673884428,0.001932168,79.3202
Macau,2019,0.0,0.0,79.3202
Macau,2019,0.00504549594428,0.0,79.3202
Macau,2019,0.0281806217,0.0,79.3202
Macau,2019,,,79.3202
Macau,2019,0.0189106212,0.001932168,79.3202
Madagascar,2019,0.0622572907331546,0.006807108,43.6525
Madagascar,2019,0.0111853016331546,0.0,43.6525
Madagascar,2019,0.0,0.0,43.6525
Madagascar,2019,0.0442648811,0.0,43.6525
Madagascar,2019,,,43.6525
Madagascar,2019,0.006807108,0.006807108,43.6525
Malawi,2019,0.0336964919629859,0.0136411555231511,28.3955
Malawi,2019,0.0021736021629859,0.0011755555231511,28.3955
Malawi,2019,0.0,0.0,28.3955
Malawi,2019,0.0190572898,0.0,28.3955
Malawi,2019,,,28.3955
Malawi,2019,0.0124656,0.0124656,28.3955
Malaysia,2019,3.960816328272295,4.514935801613448,908.76
Malaysia,2019,0.7950714216269801,0.0607501422675283,908.76
Malaysia,2019,1.472094702351,2.788435370916,908.76
Malaysia,2019,1.3961449465,1.3498213524299196,908.76
Malaysia,2019,,,908.76
Malaysia,2019,0.2975052577943143,0.315928936,908.76
Maldives,2019,0.0316927831,2.226e-05,10.0602
Maldives,2019,0.0,0.0,10.0602
Maldives,2019,0.0,0.0,10.0602
Maldives,2019,0.0316705231,0.0,10.0602
Maldives,2019,,,10.0602
Maldives,2019,2.226e-05,2.226e-05,10.0602
Mali,2019,0.086468843,0.00930468,43.3564
Mali,2019,0.0,0.0,43.3564
Mali,2019,0.0,0.0,43.3564
Mali,2019,0.078358363,0.0,43.3564
Mali,2019,,,43.3564
Mali,2019,0.00811048,0.00930468,43.3564
Malta,2019,0.1377687293291359,0.00194623632,21.5613
Malta,2019,1.2362870132020672e-08,0.0,21.5613
Malta,2019,0.0140480433462657,0.0,21.5613
Malta,2019,0.1196009933,0.0,21.5613
Malta,2019,,,21.5613
Malta,2019,0.00411968032,0.00194623632,21.5613
Martinique,2019,0.031521281896,0.000855220296,7.25285
Martinique,2019,0.0,0.0,7.25285
Martinique,2019,0.0,0.0,7.25285
Martinique,2019,0.0306660616,0.0,7.25285
Martinique,2019,,,7.25285
Martinique,2019,0.000855220296,0.000855220296,7.25285
Mauritania,2019,0.0614039489,0.004086936,19.2667
Mauritania,2019,0.0,0.0,19.2667
Mauritania,2019,0.0,0.0,19.2667
Mauritania,2019,0.0573170129,0.0,19.2667
Mauritania,2019,,,19.2667
Mauritania,2019,0.004086936,0.004086936,19.2667
Mauritius,2019,0.1008467809030219,0.006268416,27.95627
Mauritius,2019,0.0170902202030219,0.0,27.95627
Mauritius,2019,0.0,0.0,27.95627
Mauritius,2019,0.0774881447,0.0,27.95627
Mauritius,2019,,,27.95627
Mauritius,2019,0.006268416,0.006268416,27.95627
Mexico,2019,7.986493522100019,5.90985687062291,2384.142
Mexico,2019,0.4161727482164959,0.2079079049539966,2384.142
Mexico,2019,3.0191908292814205,0.985764215324326,2384.142
Mexico,2019,3.79416784635843,3.994545990784587,2384.142
Mexico,2019,0.109517265,0.109517265,2384.142
Mexico,2019,0.647444833243672,0.61212149456,2384.142
Micronesia,2019,0.0024597837,0.0,
Micronesia,2019,0.0,0.0,
Micronesia,2019,0.0,0.0,
Micronesia,2019,0.0024597837,0.0,
Micronesia,2019,,,
Micronesia,2019,0.0,0.0,
Moldova,2019,0.1431171422216672,0.003341193385614,30.9415
Moldova,2019,0.0036753795582409,0.0,30.9415
Moldova,2019,0.0899599300164,2.282425614e-06,30.9415
Moldova,2019,0.0439452183,0.0,30.9415
Moldova,2019,,,30.9415
Moldova,2019,0.0055366143470262,0.00333891096,30.9415
Mongolia,2019,0.2678326524908135,1.4843864689034518,39.254
Mongolia,2019,0.182806972664025,1.4381251585134518,39.254
Mongolia,2019,0.0,0.0,39.254
Mongolia,2019,0.0734107617,0.04050042239,39.254
Mongolia,2019,,,39.254
Mongolia,2019,0.0116149181267884,0.005760888,39.254
Montenegro,2019,0.0485344175533465,0.033207896439284,11.9806
Montenegro,2019,0.0137104650533465,0.014749904439284,11.9806
Montenegro,2019,0.0,0.0,11.9806
Montenegro,2019,0.0155027245,0.0,11.9806
Montenegro,2019,,,11.9806
Montenegro,2019,0.019321228,0.018457992,11.9806
Montserrat,2019,0.0004661798,0.0,
Montserrat,2019,0.0,0.0,
Montserrat,2019,0.0,0.0,
Montserrat,2019,0.0004661798,0.0,
Montserrat,2019,,,
Montserrat,2019,0.0,0.0,
Morocco,2019,0.896850428975055,0.0640643159356607,275.648
Morocco,2019,0.2150300679285049,0.0,275.648
Morocco,2019,0.03955298395455,0.003862703983005,275.648
Morocco,2019,0.5853752875,0.0001465983606557,275.648
Morocco,2019,,,275.648
Morocco,2019,0.056892089592,0.060055013592,275.648
Mozambique,2019,0.2463402619758758,0.6860343368316907,38.10749
Mozambique,2019,0.0011634831092758,0.3464175026008907,38.10749
Mozambique,2019,0.0546866656666,0.2122273062308,38.10749
Mozambique,2019,0.0716135252,0.0,38.10749
Mozambique,2019,,,38.10749
Mozambique,2019,0.118876588,0.127389528,38.10749
Namibia,2019,0.0743727378746098,0.008868384,24.41
Namibia,2019,0.0007108302746097,0.0,24.41
Namibia,2019,0.0,0.0,24.41
Namibia,2019,0.0535407476,0.0,24.41
Namibia,2019,,,24.41
Namibia,2019,0.02012116,0.008868384,24.41
Nauru,2019,0.0009115247,0.0,
Nauru,2019,0.0,0.0,
Nauru,2019,0.0,0.0,
Nauru,2019,0.0009115247,0.0,
Nauru,2019,,,
Nauru,2019,0.0,0.0,
Nepal,2019,0.1493211608673279,0.0381631272292197,101.266
Nepal,2019,0.0108250521673279,0.0004368792292197,101.266
Nepal,2019,0.0,0.0,101.266
Nepal,2019,0.0952355967,0.0,101.266
Nepal,2019,,,101.266
Nepal,2019,0.043260512,0.037726248,101.266
Netherlands,2019,3.8179563429203327,1.4111446825769784,934.921
Netherlands,2019,0.2497352367557116,0.0,934.921
Netherlands,2019,1.414089701446627,1.0382243410672511,934.921
Netherlands,2019,1.897404265781805,0.0455876121031471,934.921
Netherlands,2019,0.03597385436658,0.03597385436658,934.921
Netherlands,2019,0.220753284569609,0.29135887504,934.921
Netherlands Antilles,2019,0.191219495,0.00271572,2.80876
Netherlands Antilles,2019,0.0,0.0,2.80876
Netherlands Antilles,2019,0.0,0.0,2.80876
Netherlands Antilles,2019,0.188503775,0.0,2.80876
Netherlands Antilles,2019,,,2.80876
Netherlands Antilles,2019,0.00271572,0.00271572,2.80876
New Caledonia,2019,0.0758392169059482,0.00360612,
New Caledonia,2019,0.0307538187059482,0.0,
New Caledonia,2019,0.0,0.0,
New Caledonia,2019,0.0414792782,0.0,
New Caledonia,2019,,,
New Caledonia,2019,0.00360612,0.00360612,
New Zealand,2019,0.925824102221751,0.5946918269546112,198.6641
New Zealand,2019,0.0522870240142883,0.0722539976130112,198.6641
New Zealand,2019,0.1780135262294276,0.1717111404418822,198.6641
New Zealand,2019,0.376058089733805,0.0318038392197177,198.6641
New Zealand,2019,,,198.6641
New Zealand,2019,0.3194654622442301,0.31892284968,198.6641
Nicaragua,2019,0.0976352016,0.024788736,33.5562
Nicaragua,2019,0.0,0.0,33.5562
Nicaragua,2019,0.0,0.0,33.5562
Nicaragua,2019,0.0713656576,0.0,33.5562
Nicaragua,2019,,,33.5562
Nicaragua,2019,0.026269544,0.024788736,33.5562
Niger,2019,0.0358901867134442,0.0291568788134441,28.87
Niger,2019,0.0051342328134441,0.0051342328134441,28.87
Niger,2019,0.0,0.0,28.87
Niger,2019,0.0269357738999999,0.02380895,28.87
Niger,2019,,,28.87
Niger,2019,0.00382018,0.000213696,28.87
Nigeria,2019,1.7014146282060918,6.024305327190176,1015.889
Nigeria,2019,0.0024811393824917,0.0014057761356446,1015.889
Nigeria,2019,0.6946624279836,1.711803515766,1015.889
Nigeria,2019,0.949338189,4.256163163448532,1015.889
Nigeria,2019,,,1015.889
Nigeria,2019,0.05493287184,0.05493287184,1015.889
Niue,2019,0.0001100056,0.0,
Niue,2019,0.0,0.0,
Niue,2019,0.0,0.0,
Niue,2019,0.0001100056,0.0,
Niue,2019,,,
Niue,2019,0.0,0.0,
North Korea,2019,0.3236567121311068,0.5724834214890987,43.1394
North Korea,2019,0.1582081016794242,0.4507915630890987,43.1394
North Korea,2019,0.0,0.0,43.1394
North Korea,2019,0.0437512926,0.0,43.1394
North Korea,2019,,,43.1394
North Korea,2019,0.1216973178516826,0.1216918584,43.1394
North Macedonia,2019,0.111615056057727,0.0449640968672722,31.7368
North Macedonia,2019,0.0398346630183503,0.0331007634272722,31.7368
North Macedonia,2019,0.0079779619656,0.0,31.7368
North Macedonia,2019,0.0456879936,0.0,31.7368
North Macedonia,2019,,,31.7368
North Macedonia,2019,0.0181144374737766,0.01186333344,31.7368
Northern Mariana Islands,2019,0.0,0.0,
Northern Mariana Islands,2019,0.0,0.0,
Northern Mariana Islands,2019,0.0,0.0,
Northern Mariana Islands,2019,,0.0,
Northern Mariana Islands,2019,,,
Northern Mariana Islands,2019,0.0,0.0,
Norway,2019,1.786945046065374,8.857427879421154,330.2825
Norway,2019,0.0216107893022453,0.0033928440360429,330.2825
Norway,2019,0.1563201517985785,4.273327854399455,330.2825
Norway,2019,0.444135806638655,3.423179897465656,330.2825
Norway,2019,,,330.2825
Norway,2019,1.1648782983258952,1.15752728352,330.2825
Oman,2019,1.3485596673544158,3.406913519641808,141.208
Oman,2019,0.0018499589244167,0.0,141.208
Oman,2019,0.8754264632299991,1.311790288375,141.208
Oman,2019,0.4712476292,2.095087615266808,141.208
Oman,2019,,,141.208
Oman,2019,3.5616e-05,3.5616e-05,141.208
Pakistan,2019,3.4344142024185045,1.9276637904420648,1039.88
Pakistan,2019,0.5022976017810633,0.0969080003771066,1039.88
Pakistan,2019,1.481648349522,1.165201281705,1039.88
Pakistan,2019,0.9885616323,0.2079165443599582,1039.88
Pakistan,2019,0.095718828,0.095718828,1039.88
Pakistan,2019,0.3661877908154411,0.361919136,1039.88
Palestinian Territories,2019,0.0678408492039999,2.457504e-06,14.0824
Palestinian Territories,2019,0.0,0.0,14.0824
Palestinian Territories,2019,0.0,0.0,14.0824
Palestinian Territories,2019,0.0477075916999999,0.0,14.0824
Palestinian Territories,2019,,,14.0824
Palestinian Territories,2019,0.020133257504,2.457504e-06,14.0824
Panama,2019,0.4201700798323486,0.073876488,118.865
Panama,2019,0.0204130391427486,0.0,118.865
Panama,2019,0.0203012367896,0.0,118.865
Panama,2019,0.3067735159,0.0,118.865
Panama,2019,,,118.865
Panama,2019,0.072682288,0.073876488,118.865
Papua New Guinea,2019,0.099309336646567,0.5054990798873973,32.4518
Papua New Guinea,2019,0.0,0.0,32.4518
Papua New Guinea,2019,0.009919066674567,0.4256513567153973,32.4518
Papua New Guinea,2019,0.0818958355,0.0723532887,32.4518
Papua New Guinea,2019,,,32.4518
Papua New Guinea,2019,0.007494434472,0.007494434472,32.4518
Paraguay,2019,0.4422268356835864,0.44736365784,86.3046
Paraguay,2019,2.844734358641725e-05,0.0,86.3046
Paraguay,2019,0.0,0.0,86.3046
Paraguay,2019,0.1148079065,0.0,86.3046
Paraguay,2019,,,86.3046
Paraguay,2019,0.32739048184,0.44736365784,86.3046
Peru,2019,1.1855060965141535,1.1672519969393036,402.28
Peru,2019,0.0125507635463502,0.022341997063824,402.28
Peru,2019,0.3525582909078034,0.5737631648688,402.28
Peru,2019,0.5157174599,0.2589369728466796,402.28
Peru,2019,,,402.28
Peru,2019,0.30467958216,0.31220986216,402.28
Philippines,2019,2.085843453132066,0.6818019186335863,949.711
Philippines,2019,0.73359727476743,0.3367268500309306,949.711
Philippines,2019,0.132770836242,0.132770836242,949.711
Philippines,2019,1.0237000645,0.0021540983606557,949.711
Philippines,2019,,,949.711
Philippines,2019,0.1957752776226363,0.210150134,949.711
Poland,2019,4.2898242065685785,2.361311534711677,1217.987
Poland,2019,2.0806762150763065,1.892920737374492,1217.987
Poland,2019,0.7003370242039628,0.1534319268702998,1217.987
Poland,2019,1.406306116593435,0.0430430827868849,1217.987
Poland,2019,,,1217.987
Poland,2019,0.1025048506948743,0.27191578768,1217.987
Portugal,2019,1.0467108404019243,0.2587570944,342.6999
Portugal,2019,0.0519981296101068,0.0,342.6999
Portugal,2019,0.2272944508159011,0.0,342.6999
Portugal,2019,0.51058476145037,0.0,342.6999
Portugal,2019,,,342.6999
Portugal,2019,0.2568334985255461,0.2587570944,342.6999
Puerto Rico,2019,0.2957352831149226,0.02424683856,66.9118
Puerto Rico,2019,0.0404472451069225,0.0,66.9118
Puerto Rico,2019,0.071951498448,0.0,66.9118
Puerto Rico,2019,0.159089701,0.0,66.9118
Puerto Rico,2019,,,66.9118
Puerto Rico,2019,0.02424683856,0.02424683856,66.9118
Qatar,2019,2.046976960031,9.652516999837069,247.046
Qatar,2019,0.0,0.0,247.046
Qatar,2019,1.479217424575,6.570275466744,247.046
Qatar,2019,0.5676850624,3.082167060037067,247.046
Qatar,2019,,,247.046
Qatar,2019,7.4473056e-05,7.4473056e-05,247.046
Reunion,2019,0.0483209597,0.0096501552,24.8272
Reunion,2019,0.0,0.0,24.8272
Reunion,2019,0.0,0.0,24.8272
Reunion,2019,0.0386708045,0.0,24.8272
Reunion,2019,,,24.8272
Reunion,2019,0.0096501552,0.0096501552,24.8272
Romania,2019,1.3888732863664268,1.0358510701042891,522.905
Romania,2019,0.1905824104053654,0.1666420189917986,522.905
Romania,2019,0.3880287160873,0.362845782532,522.905
Romania,2019,0.4405340965,0.1525039760204907,522.905
Romania,2019,0.12369024,0.12369024,522.905
Romania,2019,0.2460378233737615,0.23016905256,522.905
Russia,2019,33.24653323419811,64.27799556226529,3770.42
Russia,2019,4.901168924448589,10.51211219247482,3770.42
Russia,2019,17.372893000499793,25.71363915109575,3770.42
Russia,2019,7.25145317,24.18946373073472,3770.42
Russia,2019,2.105716415,2.105716415,3770.42
Russia,2019,1.615301724249729,1.75706407296,3770.42
Rwanda,2019,0.02152290012,0.004532136,27.008
Rwanda,2019,0.0,0.0,27.008
Rwanda,2019,0.0,0.0,27.008
Rwanda,2019,0.0166855266,0.0,27.008
Rwanda,2019,,,27.008
Rwanda,2019,0.00483737352,0.004532136,27.008
Saint Helena,2019,0.0001834565,0.0,
Saint Helena,2019,0.0,0.0,
Saint Helena,2019,0.0,0.0,
Saint Helena,2019,0.0001834565,0.0,
Saint Helena,2019,,,
Saint Helena,2019,0.0,0.0,
Saint Kitts and Nevis,2019,0.0037990768,6.76704e-05,1.36317
Saint Kitts and Nevis,2019,0.0,0.0,1.36317
Saint Kitts and Nevis,2019,0.0,0.0,1.36317
Saint Kitts and Nevis,2019,0.0037314064,0.0,1.36317
Saint Kitts and Nevis,2019,,,1.36317
Saint Kitts and Nevis,2019,6.76704e-05,6.76704e-05,1.36317
Saint Lucia,2019,0.009299183248,2.8154448e-05,2.71244
Saint Lucia,2019,0.0,0.0,2.71244
Saint Lucia,2019,0.0,0.0,2.71244
Saint Lucia,2019,0.0092710288,0.0,2.71244
Saint Lucia,2019,,,2.71244
Saint Lucia,2019,2.8154448e-05,2.8154448e-05,2.71244
Saint Pierre and Miquelon,2019,0.001273758,0.0,
Saint Pierre and Miquelon,2019,0.0,0.0,
Saint Pierre and Miquelon,2019,0.0,0.0,
Saint Pierre and Miquelon,2019,0.001273758,0.0,
Saint Pierre and Miquelon,2019,,,
Saint Pierre and Miquelon,2019,0.0,0.0,
Saint Vincent/Grenadines,2019,0.0030768488,0.0002226,1.34094
Saint Vincent/Grenadines,2019,0.0,0.0,1.34094
Saint Vincent/Grenadines,2019,0.0,0.0,1.34094
Saint Vincent/Grenadines,2019,0.0028542488,0.0,1.34094
Saint Vincent/Grenadines,2019,,,1.34094
Saint Vincent/Grenadines,2019,0.0002226,0.0002226,1.34094
Samoa,2019,0.00535251072,0.00035731752,1.09107
Samoa,2019,0.0,0.0,1.09107
Samoa,2019,0.0,0.0,1.09107
Samoa,2019,0.0049951932,0.0,1.09107
Samoa,2019,,,1.09107
Samoa,2019,0.00035731752,0.00035731752,1.09107
Sao Tome and Principe,2019,0.0025033078,8.904e-05,1.06389
Sao Tome and Principe,2019,0.0,0.0,1.06389
Sao Tome and Principe,2019,0.0,0.0,1.06389
Sao Tome and Principe,2019,0.0024142678,0.0,1.06389
Sao Tome and Principe,2019,,,1.06389
Sao Tome and Principe,2019,8.904e-05,8.904e-05,1.06389
Saudi Arabia,2019,10.161014745852016,27.86116043221723,1771.04
Saudi Arabia,2019,0.0029391669830148,0.0,1771.04
Saudi Arabia,2019,4.169336520369,4.169336520369,1771.04
Saudi Arabia,2019,5.9848408873,23.68792574064823,1771.04
Saudi Arabia,2019,,,1771.04
Saudi Arabia,2019,0.0038981712,0.0038981712,1771.04
Senegal,2019,0.1503293668616353,0.0085116596394,54.8701
Senegal,2019,0.0209530489222353,0.0,54.8701
Senegal,2019,0.0019048916394,0.0019048916394,54.8701
Senegal,2019,0.1197591703,0.0,54.8701
Senegal,2019,,,54.8701
Senegal,2019,0.007712256,0.006606768,54.8701
Serbia,2019,0.6819850201906874,0.4554381351963348,121.686
Serbia,2019,0.3091402773825033,0.3042388762989295,121.686
Serbia,2019,0.09194103583854,0.01599945194134,121.686
Serbia,2019,0.1582698801,0.0361314098360653,121.686
Serbia,2019,,,121.686
Serbia,2019,0.1226338268696441,0.09906839712,121.686
Seychelles,2019,0.0159308712,4.452e-05,2.532797
Seychelles,2019,0.0,0.0,2.532797
Seychelles,2019,0.0,0.0,2.532797
Seychelles,2019,0.0158863512,0.0,2.532797
Seychelles,2019,,,2.532797
Seychelles,2019,4.452e-05,4.452e-05,2.532797
Sierra Leone,2019,0.014085333068,0.001691243568,13.8469
Sierra Leone,2019,0.0,0.0,13.8469
Sierra Leone,2019,0.0,0.0,13.8469
Sierra Leone,2019,0.0123940895,0.0,13.8469
Sierra Leone,2019,,,13.8469
Sierra Leone,2019,0.001691243568,0.001691243568,13.8469
Singapore,2019,3.64527770071088,0.0533574912,545.403
Singapore,2019,0.0161686830894841,0.0,545.403
Singapore,2019,0.4953209042147988,0.0,545.403
Singapore,2019,3.1172325063,0.0,545.403
Singapore,2019,,,545.403
Singapore,2019,0.0165556071065971,0.0533574912,545.403
Slovakia,2019,0.7073341851156353,0.2477615761202242,181.3875
Slovakia,2019,0.1143511162214281,0.0149671120463832,181.3875
Slovakia,2019,0.1741168167866753,0.0025557288225258,181.3875
Slovakia,2019,0.176923970836415,0.0004721328233151,181.3875
Slovakia,2019,0.170796924108,0.170796924108,181.3875
Slovakia,2019,0.0711453571631167,0.05896967832,181.3875
Slovenia,2019,0.282598407721886,0.1373304645796667,76.4882
Slovenia,2019,0.040971274606884,0.036921522907027,76.4882
Slovenia,2019,0.0283928456746986,0.0003814255326397,76.4882
Slovenia,2019,0.113456120586735,0.0,76.4882
Slovenia,2019,0.0555234543,0.0555234543,76.4882
Slovenia,2019,0.0442547125535683,0.04450406184,76.4882
Solomon Islands,2019,0.004658358804,5.0316504e-05,1.54738
Solomon Islands,2019,0.0,0.0,1.54738
Solomon Islands,2019,0.0,0.0,1.54738
Solomon Islands,2019,0.0046080423,0.0,1.54738
Solomon Islands,2019,,,1.54738
Solomon Islands,2019,5.0316504e-05,5.0316504e-05,1.54738
Somalia,2019,0.0124096426,0.0001531488,10.8476
Somalia,2019,0.0,0.0,10.8476
Somalia,2019,0.0,0.0,10.8476
Somalia,2019,0.0122564938,0.0,10.8476
Somalia,2019,,,10.8476
Somalia,2019,0.0001531488,0.0001531488,10.8476
South Africa,2019,5.645541040096414,5.913388642824927,785.223
South Africa,2019,4.119186670183442,5.623544319855608,785.223
South Africa,2019,0.1764258587451,0.04546172476632,785.223
South Africa,2019,1.1240385477,0.006285447683,785.223
South Africa,2019,0.136506105,0.136506105,785.223
South Africa,2019,0.0893838584678719,0.10159104552,785.223
South Korea,2019,12.41399840322636,1.6544696108078791,2160.64
South Korea,2019,3.386180406834287,0.0289295390957002,2160.64
South Korea,2019,2.111939561659268,0.0094902667521789,2160.64
South Korea,2019,5.29085723974697,0.0,2160.64
South Korea,2019,1.344226356,1.344226356,2160.64
South Korea,2019,0.2807948389858367,0.27182344896,2160.64
South Sudan,2019,0.0265936582,0.2915789180933102,17.3349
South Sudan,2019,0.0,0.0,17.3349
South Sudan,2019,0.0,0.0,17.3349
South Sudan,2019,0.0265580422,0.2915433020933103,17.3349
South Sudan,2019,,,17.3349
South Sudan,2019,3.5616e-05,3.5616e-05,17.3349
Spain,2019,5.789465678505985,1.5505969224497995,1796.293
Spain,2019,0.1541711660288368,0.0,1796.293
Spain,2019,1.3680084347227213,0.0051214208094733,1796.293
Spain,2019,2.76410559405104,0.001719638848816,1796.293
Spain,2019,0.55583453279151,0.55583453279151,1796.293
Spain,2019,0.947345950911876,0.98792133,1796.293
Sri Lanka,2019,0.3682137448148051,0.045312456,276.987
Sri Lanka,2019,0.0592379707148051,0.0,276.987
Sri Lanka,2019,0.0,0.0,276.987
Sri Lanka,2019,0.2636633181,0.0,276.987
Sri Lanka,2019,,,276.987
Sri Lanka,2019,0.045312456,0.045312456,276.987
Sudan,2019,0.3447125976,0.1998705934783173,187.629
Sudan,2019,0.0,0.0,187.629
Sudan,2019,0.0,0.0,187.629
Sudan,2019,0.2744600376,0.1296180334783173,187.629
Sudan,2019,,,187.629
Sudan,2019,0.07025256,0.07025256,187.629
Suriname,2019,0.04787891985976,0.0482108195175012,9.20889
Suriname,2019,0.0,0.0,9.20889
Suriname,2019,0.00020568305576,0.00020568305576,9.20889
Suriname,2019,0.0326604211,0.0357492167577411,9.20889
Suriname,2019,,,9.20889
Suriname,2019,0.015012815704,0.012255919704,9.20889
Sweden,2019,2.1701954131401866,1.55425693132,524.62
Sweden,2019,0.0650626365347112,0.0,524.62
Sweden,2019,0.0444593140217912,0.0,524.62
Sweden,2019,0.60289525720175,0.0,524.62
Sweden,2019,0.647962453,0.647962453,524.62
Sweden,2019,0.8098157523819344,0.90629447832,524.62
Switzerland,2019,1.209211449441589,0.6465395124,590.958
Switzerland,2019,0.0029874040543379,0.0,590.958
Switzerland,2019,0.1305384683191093,0.0,590.958
Switzerland,2019,0.45068723897076,0.0,590.958
Switzerland,2019,0.26214821,0.26214821,590.958
Switzerland,2019,0.3628501280973821,0.3843913024,590.958
Syria,2019,0.4266317284201507,0.2235393672647546,53.6025
Syria,2019,0.0002371310066574,0.0,53.6025
Syria,2019,0.130559931525,0.130559931525,53.6025
Syria,2019,0.2853986438,0.0815556037397546,53.6025
Syria,2019,,,53.6025
Syria,2019,0.0104360220884932,0.011423832,53.6025
Taiwan,2019,3.791314941699021,0.4541673484860892,1232.274
Taiwan,2019,1.4985089946116517,0.0,1232.274
Taiwan,2019,0.858597856012,0.005318241237,1232.274
Taiwan,2019,0.9787387476,0.0004940582490892,1232.274
Taiwan,2019,0.312560145,0.312560145,1232.274
Taiwan,2019,0.1429091984753693,0.135794904,1232.274
Tajikistan,2019,0.2576709581101064,0.2161644048307948,35.11
Tajikistan,2019,0.0465987733757737,0.0458386006671205,35.11
Tajikistan,2019,0.005827398129207,0.000673637325939,35.11
Tajikistan,2019,0.0460500565,0.0006781985977353,35.11
Tajikistan,2019,,,35.11
Tajikistan,2019,0.1591947301051256,0.16897396824,35.11
Tanzania,2019,0.1934986741936465,0.091312130831971,153.3535
Tanzania,2019,0.0141399682437295,0.018330869831971,153.3535
Tanzania,2019,0.050979477,0.050979477,153.3535
Tanzania,2019,0.1059845775,0.0,153.3535
Tanzania,2019,,,153.3535
Tanzania,2019,0.022394651449917,0.022001784,153.3535
Thailand,2019,5.342952068388166,2.737214010174651,1248.417
Thailand,2019,0.6118280104339182,0.1491365557257988,1248.417
Thailand,2019,1.890821761558,1.325603427643,1248.417
Thailand,2019,2.4626136041,0.8676916621658524,1248.417
Thailand,2019,,,1248.417
Thailand,2019,0.3776886922962477,0.39478236464,1248.417
The Bahamas,2019,0.0547146622759849,3.1101672e-05,13.643
The Bahamas,2019,0.0,0.0,13.643
The Bahamas,2019,0.0001334786039849,0.0,13.643
The Bahamas,2019,0.054550082,0.0,13.643
The Bahamas,2019,,,13.643
The Bahamas,2019,3.1101672e-05,3.1101672e-05,13.643
Timor-Leste,2019,0.0074223259,0.234930023182,4.05685
Timor-Leste,2019,0.0,0.0,4.05685
Timor-Leste,2019,0.0,0.190184673182,4.05685
Timor-Leste,2019,0.0074223259,0.04474535,4.05685
Timor-Leste,2019,,,4.05685
Timor-Leste,2019,0.0,0.0,4.05685
Togo,2019,0.0332422924929477,0.000828072,16.8355
Togo,2019,0.0075658304929477,0.0,16.8355
Togo,2019,0.0016448796,0.0,16.8355
Togo,2019,0.0203203704,0.0,16.8355
Togo,2019,,,16.8355
Togo,2019,0.003711212,0.000828072,16.8355
Tonga,2019,0.0023868576,0.0,0.574064
Tonga,2019,0.0,0.0,0.574064
Tonga,2019,0.0,0.0,0.574064
Tonga,2019,0.0023868576,0.0,0.574064
Tonga,2019,,,0.574064
Tonga,2019,0.0,0.0,0.574064
Trinidad and Tobago,2019,0.7309107039460091,1.4818382494334443,33.9752
Trinidad and Tobago,2019,0.0001071858225051,0.0,33.9752
Trinidad and Tobago,2019,0.659883159523504,1.315390840719978,33.9752
Trinidad and Tobago,2019,0.0708758386,0.1664028887134662,33.9752
Trinidad and Tobago,2019,,,33.9752
Trinidad and Tobago,2019,4.452e-05,4.452e-05,33.9752
Tunisia,2019,0.4164024226338327,0.122445660433173,122.68
Tunisia,2019,8.040057188844973e-05,0.0,122.68
Tunisia,2019,0.2015627849005,0.03851422086164,122.68
Tunisia,2019,0.2080198266,0.076716172211533,122.68
Tunisia,2019,,,122.68
Tunisia,2019,0.0067394105614442,0.00721526736,122.68
Turkey,2019,6.609000040124458,2.102167737706334,2338.015
Turkey,2019,1.7919177907912394,0.7726387261514397,2338.015
Turkey,2019,1.619160541269353,0.0170311304112878,2338.015
Turkey,2019,2.001987995763815,0.1254447225836064,2338.015
Turkey,2019,,,2338.015
Turkey,2019,1.1959337123000515,1.18705315856,2338.015
Turkmenistan,2019,1.9639013559920369,3.6281478174764095,110.936
Turkmenistan,2019,0.0,0.0,110.936
Turkmenistan,2019,1.6785889672920369,3.0919164379290347,110.936
Turkmenistan,2019,0.2962281175,0.5362287083473749,110.936
Turkmenistan,2019,,,110.936
Turkmenistan,2019,-0.0109157288,2.6712e-06,110.936
Turks and Caicos Islands,2019,0.0033590329,0.0,
Turks and Caicos Islands,2019,0.0,0.0,
Turks and Caicos Islands,2019,0.0,0.0,
Turks and Caicos Islands,2019,0.0033590329,0.0,
Turks and Caicos Islands,2019,,,
Turks and Caicos Islands,2019,0.0,0.0,
Tuvalu,2019,0.0,0.0,
Tuvalu,2019,0.0,0.0,
Tuvalu,2019,0.0,0.0,
Tuvalu,2019,,0.0,
Tuvalu,2019,,,
Tuvalu,2019,0.0,0.0,
U.S. Pacific Islands,2019,0.0042433738,0.0,
U.S. Pacific Islands,2019,0.0,0.0,
U.S. Pacific Islands,2019,0.0,0.0,
U.S. Pacific Islands,2019,0.0042433738,0.0,
U.S. Pacific Islands,2019,,,
U.S. Pacific Islands,2019,0.0,0.0,
U.S. Territories,2019,0.0,0.0,
U.S. Territories,2019,0.0,0.0,
U.S. Territories,2019,0.0,0.0,
U.S. Territories,2019,0.0,0.0,
U.S. Territories,2019,0.0,0.0,
U.S. Territories,2019,0.0,0.0,
U.S. Virgin Islands,2019,0.0339032041181477,6.446496e-05,1.883
U.S. Virgin Islands,2019,0.0,0.0,1.883
U.S. Virgin Islands,2019,0.0,0.0,1.883
U.S. Virgin Islands,2019,0.0338387391581477,0.0,1.883
U.S. Virgin Islands,2019,,,1.883
U.S. Virgin Islands,2019,6.446496e-05,6.446496e-05,1.883
Uganda,2019,0.1302694487,0.048945288,103.1059
Uganda,2019,0.0,0.0,103.1059
Uganda,2019,0.0,0.0,103.1059
Uganda,2019,0.0819895007,0.0,103.1059
Uganda,2019,,,103.1059
Uganda,2019,0.048279948,0.048945288,103.1059
Ukraine,2019,3.4806444268431926,2.3344879269428014,487.698
Ukraine,2019,1.0948136135646755,0.5981470689189022,487.698
Ukraine,2019,0.930919840178,0.6573313032282,487.698
Ukraine,2019,0.4750704258,0.1050505266516991,487.698
Ukraine,2019,0.853422423744,0.853422423744,487.698
Ukraine,2019,0.1264181235565171,0.1205366044,487.698
United Arab Emirates,2019,4.606967409958773,10.760580278914016,663.292
United Arab Emirates,2019,0.0534093184818268,0.0,663.292
United Arab Emirates,2019,2.726905639941,2.325292471605,663.292
United Arab Emirates,2019,1.7948074415,8.403616279309016,663.292
United Arab Emirates,2019,,,663.292
United Arab Emirates,2019,0.0318450100359458,0.031671528,663.292
United Kingdom,2019,8.095451414235999,5.4639569992516375,2992.817
United Kingdom,2019,0.2188814672574482,0.0712302985754249,2992.817
United Kingdom,2019,2.984477030588339,1.510635509759299,2992.817
United Kingdom,2019,3.22147746225219,2.285875756276914,2992.817
United Kingdom,2019,0.460869992,0.460869992,2992.817
United Kingdom,2019,1.2097454621380224,1.13534544264,2992.817
United States,2019,100.434067942,101.400918072,19925.43
United States,2019,11.315594693,14.255763025,19925.43
United States,2019,32.252006995,35.187183375,19925.43
United States,2019,38.329385876,31.910981733,19925.43
United States,2019,8.451851513,8.451851513,19925.43
United States,2019,11.436136015,11.595138426,19925.43
Uruguay,2019,0.2315983752259107,0.13986732,78.0812
Uruguay,2019,3.741372193174223e-08,0.0,78.0812
Uruguay,2019,0.003581505607233,0.0,78.0812
Uruguay,2019,0.0999996003,0.0,78.0812
Uruguay,2019,,,78.0812
Uruguay,2019,0.1280172319049557,0.13986732,78.0812
Uzbekistan,2019,1.9024315802028733,2.1913395838502714,257.435
Uzbekistan,2019,0.0805926015158731,0.061674292110129,257.435
Uzbekistan,2019,1.576025767179,2.053104449750971,257.435
Uzbekistan,2019,0.1833998799,0.0186240543811715,257.435
Uzbekistan,2019,,,257.435
Uzbekistan,2019,0.062413331608,0.057936787608,257.435
Vanuatu,2019,0.003262026984,8.9894784e-05,0.761102
Vanuatu,2019,0.0,0.0,0.761102
Vanuatu,2019,0.0,0.0,0.761102
Vanuatu,2019,0.0031721322,0.0,0.761102
Vanuatu,2019,,,0.761102
Vanuatu,2019,8.9894784e-05,8.9894784e-05,0.761102
Venezuela,2019,2.447474728443394,3.5516998673783937,190.1472
Venezuela,2019,0.0011169269576507,0.0120136166878403,190.1472
Venezuela,2019,0.8711793308881,0.8711793308881,190.1472
Venezuela,2019,0.9362088088,2.0265552318024533,190.1472
Venezuela,2019,,,190.1472
Venezuela,2019,0.6389696617976434,0.641951688,190.1472
Vietnam,2019,3.509085547214925,2.5563721056978084,915.504
Vietnam,2019,1.6476200344453331,1.202315562811371,915.504
Vietnam,2019,0.3087163923452,0.3087163923452,915.504
Vietnam,2019,0.9834120429,0.5045209025412373,915.504
Vietnam,2019,,,915.504
Vietnam,2019,0.5693370775243921,0.540819248,915.504
Wake Island,2019,0.0194360456,0.0,
Wake Island,2019,0.0,0.0,
Wake Island,2019,0.0,0.0,
Wake Island,2019,0.0194360456,0.0,
Wake Island,2019,,,
Wake Island,2019,0.0,0.0,
Western Sahara,2019,0.0037120955,0.0,
Western Sahara,2019,0.0,0.0,
Western Sahara,2019,0.0,0.0,
Western Sahara,2019,0.0037120955,0.0,
Western Sahara,2019,,,
Western Sahara,2019,0.0,0.0,
Yemen,2019,0.1590196691139078,0.1332730968239545,53.0838
Yemen,2019,0.0008509773029078,0.0,53.0838
Yemen,2019,0.003444893011,0.0034385429778,53.0838
Yemen,2019,0.1502717988,0.1253825538461545,53.0838
Yemen,2019,,,53.0838
Yemen,2019,0.004452,0.004452,53.0838
Zambia,2019,0.2070965568832761,0.1480037942473037,247.1819
Zambia,2019,0.0341506060632761,0.0245382145273037,247.1819
Zambia,2019,0.0,0.0,247.1819
Zambia,2019,0.0521349071,0.0,247.1819
Zambia,2019,,,247.1819
Zambia,2019,0.12081104372,0.12346557972,247.1819
Zimbabwe,2019,0.1686508087584874,0.1434622068068248,37.6204
Zimbabwe,2019,0.045063672791382,0.0759629698068248,37.6204
Zimbabwe,2019,0.0,0.0,37.6204
Zimbabwe,2019,0.0554979345,0.0,37.6204
Zimbabwe,2019,,,37.6204
Zimbabwe,2019,0.0680892014671053,0.067499237,37.6204
